{
    "Network": {
        "algorithm": [
            0.00559970930712,
            0.0053916673326300001,
            0.0051435650414599996,
            0.0049305520643200002,
            0.0046493262645100003,
            0.00434060059248,
            0.0040305678629400004,
            0.0037487524777400001,
            0.00345868754801,
            0.0032219228729
        ],
        "network": [
            0.0075617036143900002,
            0.0070038100438199998,
            0.0064960841328799996,
            0.0060971955864299997,
            0.00571750203786,
            0.0052808599303,
            0.00487719495573,
            0.0045188033952100002,
            0.0041225394428399996,
            0.00376576110792
        ],
        "node": [
            0.00635647376949,
            0.0059420339411400003,
            0.0055421744244999998,
            0.0052040189342999997,
            0.0049529293750800001,
            0.0046654250261399998,
            0.0044402486214300003,
            0.0041552700642600001,
            0.0038877445675,
            0.0036663787852599999
        ],
        "protocol": [
            0.0094760456825400009,
            0.0092300510885300006,
            0.0090349609613100002,
            0.0085001875563399994,
            0.0078781071037599994,
            0.00733187100243,
            0.0065704218174099998,
            0.0057756879864499996,
            0.0051304297409599997,
            0.00454025897566
        ],
        "service": [
            0.0021201541823200002,
            0.0020001727501299999,
            0.00189314570509,
            0.00179776441717,
            0.0017104517197700001,
            0.0016299090970400001,
            0.0015570659945400001,
            0.00149204370574,
            0.0014369136370200001,
            0.00138740207179
        ]
    },
    "OOP": {
        "abstract data type": [
            0.00821033195805,
            0.0073981471780099999,
            0.0065661906435900003,
            0.0058913535518900001,
            0.0051717262522400003,
            0.0046053118840800001,
            0.0041070872781799996,
            0.00369869868124,
            0.0033689778926999999,
            0.0030831793833800002
        ],
        "abstraction": [
            0.0046137542410200003,
            0.0043621513101699998,
            0.0041620041313300002,
            0.0039910170333100001,
            0.0038428906446600001,
            0.0036378061857900001,
            0.0034828127314400002,
            0.0033468062158399999,
            0.00322977482963,
            0.0031492989095900001
        ],
        "definition": [
            0.0043274876792499996,
            0.00424491414903,
            0.0040942207693000004,
            0.0039497436363199996,
            0.00376441171815,
            0.0036069985099,
            0.00351095035979,
            0.0034366879937500002,
            0.0033510613643500001,
            0.0032802479392699999
        ],
        "execution": [
            0.0040783747885399999,
            0.0042106545701200001,
            0.0043034229031200001,
            0.0043871634068199999,
            0.00447616037954,
            0.0045916021632200002,
            0.0047636741005799999,
            0.0049301298313900004,
            0.0048209944628699996,
            0.00474056228493
        ],
        "model": [
            0.0037873805363099998,
            0.00373611308745,
            0.0036751337333899999,
            0.0035967335781799999,
            0.0035306180957399998,
            0.0034103633982100002,
            0.0033137285965700002,
            0.0032234613559299998,
            0.0031468428631100001,
            0.0030843670350099999
        ]
    },
    "Operating Systems": {
        "formal verification": [
            0.0034288872678899999,
            0.0034113606963300002,
            0.0033805183920999999,
            0.0033775339713800001,
            0.0034190730577599998,
            0.0034836427179700002,
            0.0034810005633399998,
            0.0035063803645099998,
            0.0035550361583600002,
            0.00353922843959
        ],
        "implementation": [
            0.0030646441946300001,
            0.0030862455237099999,
            0.0031098752548699999,
            0.0031471280303199999,
            0.0031709704981400001,
            0.0031961129934800002,
            0.0032181663556500001,
            0.0032514064900499998,
            0.00328360881215,
            0.0033145893761800001
        ],
        "real time system": [
            0.0094082599613399993,
            0.0096096428169000006,
            0.0099094631452399991,
            0.010152760329200001,
            0.0099001886794200002,
            0.0098238289347400004,
            0.0090864284211500009,
            0.0084119180403500003,
            0.0081134363842100005,
            0.0079501957686199994
        ],
        "static analysis": [
            0.00283478174376,
            0.0029433968279300002,
            0.00306445808728,
            0.0031833781209199999,
            0.0033273759714,
            0.0035057453064300001,
            0.0037316562173699999,
            0.0039681089111300001,
            0.0042982883671200001,
            0.0046286504464999999
        ],
        "system": [
            0.00658276787422,
            0.0063289546841599998,
            0.0061166631955600001,
            0.0058972916665599997,
            0.0057056122722699996,
            0.0056133595768699997,
            0.0055659896427000003,
            0.0055341510367700004,
            0.0055715946265299998,
            0.0056017552711400001
        ]
    },
    "Programming Language": {
        "code generation": [
            0.0056749564008000001,
            0.0056544700344400003,
            0.0056694069141499997,
            0.0055682944478099997,
            0.00553155199811,
            0.0055403725263900002,
            0.00545875569069,
            0.0053833999209499999,
            0.0053974325523300001,
            0.0054302095507799998
        ],
        "compile": [
            0.0069288742461299999,
            0.0068139736877100001,
            0.0066714230971999999,
            0.0063961699461700001,
            0.0061543783840399997,
            0.0059234498450100002,
            0.00569051323271,
            0.0054778843380699997,
            0.0052549467896499998,
            0.0050469518932099999
        ],
        "fortran": [
            0.00381923060021,
            0.0037504451698100001,
            0.0037052592917100001,
            0.0035993518601700001,
            0.0034391016221100002,
            0.0033083850954299999,
            0.0031942926624100002,
            0.00310334604452,
            0.00294581466303,
            0.0027471187212000001
        ],
        "high level language": [
            0.00309460358913,
            0.0028611500185600001,
            0.0026677195045899998,
            0.00250936258498,
            0.0023258126587499999,
            0.0021524852210800002,
            0.00200306598542,
            0.00187117115196,
            0.0017580602202,
            0.00164608550352
        ],
        "language": [
            0.0086816371964499994,
            0.0082012229995200008,
            0.0078665960164200008,
            0.0075414091222499998,
            0.0072132031612,
            0.00690431394689,
            0.00660254205275,
            0.0063724416321900004,
            0.0061731609825400003,
            0.0059484940602999997
        ]
    },
    "Software Engineering": {
        "metric": [
            0.0047500958525899997,
            0.0046687325643699996,
            0.0045869818158999999,
            0.0045321598850299998,
            0.00446844961137,
            0.0044745590494199997,
            0.0044927673237599997,
            0.00457111607785,
            0.0046969983096900002,
            0.00490068339877
        ],